task_id,hostname,native_id,process,tag,name,status,exit,module,container,cpus,time,disk,memory,attempt,submit,start,complete,duration,realtime,queue,%cpu,%mem,rss,vmem,peak_rss,peak_vmem,rchar,wchar,syscr,syscw,read_bytes,write_bytes,cpu_model
1,-,351691,NFCORE_NANOSEQ:NANOSEQ:INPUT_CHECK:SAMPLESHEET_CHECK,samplesheet_full.csv,NFCORE_NANOSEQ:NANOSEQ:INPUT_CHECK:SAMPLESHEET_CHECK (samplesheet_full.csv),COMPLETED,0,-,quay.io/biocontainers/python:3.8.3,1,14400000,-,6442450944,1,1725525530585,1764568330619,1764568332332,1747,1000,-,72.7,0.0,8818688,32034816,8818688,32038912,680304,1047,244,17,5783552,12288,Intel(R) Core(TM) i7-10700T CPU @ 2.00GHz
10,-,353259,NFCORE_NANOSEQ:NANOSEQ:QCFASTQ_NANOPLOT_FASTQC:FASTQC,A549_R3,NFCORE_NANOSEQ:NANOSEQ:QCFASTQ_NANOPLOT_FASTQC:FASTQC (A549_R3),COMPLETED,0,-,quay.io/biocontainers/fastqc:0.11.9--0,6,28800000,-,25769803776,1,1725526901678,1764569701722,1764569755251,53573,51000,-,106.1,4.4,1468592128,4567715840,1470124032,4629200896,1106440281,2308258,2131387,6380,44957696,2543616,Intel(R) Core(TM) i7-10700T CPU @ 2.00GHz
9,-,354561,NFCORE_NANOSEQ:NANOSEQ:QCFASTQ_NANOPLOT_FASTQC:NANOPLOT,A549_R3,NFCORE_NANOSEQ:NANOSEQ:QCFASTQ_NANOPLOT_FASTQC:NANOPLOT (A549_R3),COMPLETED,0,-,quay.io/biocontainers/nanoplot:1.41.0--pyhdfd78af_0,2,14400000,-,12884901888,1,1725526955265,1764569755351,1764569922515,167250,167000,-,89.9,7.5,2506985472,43192340480,2733142016,72914317312,1155788339,19639484,273109,551,162619392,10297344,Intel(R) Core(TM) i7-10700T CPU @ 2.00GHz
6,-,362591,NFCORE_NANOSEQ:NANOSEQ:QCFASTQ_NANOPLOT_FASTQC:NANOPLOT,A549_R2,NFCORE_NANOSEQ:NANOSEQ:QCFASTQ_NANOPLOT_FASTQC:NANOPLOT (A549_R2),COMPLETED,0,-,quay.io/biocontainers/nanoplot:1.41.0--pyhdfd78af_0,2,14400000,-,12884901888,1,1725528259252,1764571059348,1764571393289,334037,333000,-,93.7,7.9,2601381888,43210608640,2820104192,73016160256,2443373697,25587254,586135,551,4096,10395648,Intel(R) Core(TM) i7-10700T CPU @ 2.00GHz
2,-,363869,NFCORE_NANOSEQ:NANOSEQ:QCFASTQ_NANOPLOT_FASTQC:NANOPLOT,A549_R1,NFCORE_NANOSEQ:NANOSEQ:QCFASTQ_NANOPLOT_FASTQC:NANOPLOT (A549_R1),COMPLETED,0,-,quay.io/biocontainers/nanoplot:1.41.0--pyhdfd78af_0,2,14400000,-,12884901888,1,1725528288263,1764571088265,1764571425151,336888,336000,-,96.1,8.2,2681430016,43349336064,2900627456,73072230400,2412794190,27561037,578189,551,40960,10309632,Intel(R) Core(TM) i7-10700T CPU @ 2.00GHz
8,-,383954,NFCORE_NANOSEQ:NANOSEQ:PREPARE_GENOME:SAMTOOLS_FAIDX,genome.fa,NFCORE_NANOSEQ:NANOSEQ:PREPARE_GENOME:SAMTOOLS_FAIDX (genome.fa),COMPLETED,0,-,quay.io/biocontainers/samtools:1.16.1--h6899075_1,1,14400000,-,6442450944,1,1725528664170,1764571464178,1764571472852,8682,8000,-,99.6,0.0,4882432,12550144,4882432,12554240,3147395811,5637,48248,19,5795840,12288,Intel(R) Core(TM) i7-10700T CPU @ 2.00GHz
20,-,384711,NFCORE_NANOSEQ:NANOSEQ:PREPARE_GENOME:SAMTOOLS_FAIDX,genome.fa,NFCORE_NANOSEQ:NANOSEQ:PREPARE_GENOME:SAMTOOLS_FAIDX (genome.fa),COMPLETED,0,-,quay.io/biocontainers/samtools:1.16.1--h6899075_1,1,14400000,-,6442450944,1,1725528672857,1764571472952,1764571481523,8666,8000,-,100.1,0.0,4845568,12550144,4845568,12554240,3147395792,5623,48248,19,0,12288,Intel(R) Core(TM) i7-10700T CPU @ 2.00GHz
14,-,385519,NFCORE_NANOSEQ:NANOSEQ:PREPARE_GENOME:SAMTOOLS_FAIDX,genome.fa,NFCORE_NANOSEQ:NANOSEQ:PREPARE_GENOME:SAMTOOLS_FAIDX (genome.fa),COMPLETED,0,-,quay.io/biocontainers/samtools:1.16.1--h6899075_1,1,14400000,-,6442450944,1,1725528681531,1764571481624,1764571490149,8618,8000,-,99.9,0.0,4657152,12550144,4657152,12554240,3147395790,5622,48248,19,0,12288,Intel(R) Core(TM) i7-10700T CPU @ 2.00GHz
17,-,386221,NFCORE_NANOSEQ:NANOSEQ:PREPARE_GENOME:SAMTOOLS_FAIDX,genome.fa,NFCORE_NANOSEQ:NANOSEQ:PREPARE_GENOME:SAMTOOLS_FAIDX (genome.fa),COMPLETED,0,-,quay.io/biocontainers/samtools:1.16.1--h6899075_1,1,14400000,-,6442450944,1,1725528690154,1764571490249,1764571498709,8555,8000,-,100.0,0.0,4898816,12550144,4898816,12554240,3147395791,5623,48248,19,0,12288,Intel(R) Core(TM) i7-10700T CPU @ 2.00GHz
11,-,386998,NFCORE_NANOSEQ:NANOSEQ:PREPARE_GENOME:SAMTOOLS_FAIDX,genome.fa,NFCORE_NANOSEQ:NANOSEQ:PREPARE_GENOME:SAMTOOLS_FAIDX (genome.fa),COMPLETED,0,-,quay.io/biocontainers/samtools:1.16.1--h6899075_1,1,14400000,-,6442450944,1,1725528698713,1764571498809,1764571507271,8558,7000,-,99.9,0.0,4845568,12550144,4845568,12554240,3147395791,5622,48248,19,0,12288,Intel(R) Core(TM) i7-10700T CPU @ 2.00GHz
4,-,387750,NFCORE_NANOSEQ:NANOSEQ:PREPARE_GENOME:SAMTOOLS_FAIDX,genome.fa,NFCORE_NANOSEQ:NANOSEQ:PREPARE_GENOME:SAMTOOLS_FAIDX (genome.fa),COMPLETED,0,-,quay.io/biocontainers/samtools:1.16.1--h6899075_1,1,14400000,-,6442450944,1,1725528707275,1764571507372,1764571515841,8566,8000,-,100.1,0.0,4800512,12550144,4800512,12554240,3147395791,5623,48248,19,0,12288,Intel(R) Core(TM) i7-10700T CPU @ 2.00GHz
7,-,382902,NFCORE_NANOSEQ:NANOSEQ:QCFASTQ_NANOPLOT_FASTQC:FASTQC,A549_R2,NFCORE_NANOSEQ:NANOSEQ:QCFASTQ_NANOPLOT_FASTQC:FASTQC (A549_R2),COMPLETED,0,-,quay.io/biocontainers/fastqc:0.11.9--0,6,28800000,-,25769803776,1,1725528625159,1764571425251,1764571538472,113313,112000,-,103.3,4.9,1646632960,4567715840,1646718976,4629200896,2388114080,2038328,4634537,6006,0,2600960,Intel(R) Core(TM) i7-10700T CPU @ 2.00GHz
3,-,388799,NFCORE_NANOSEQ:NANOSEQ:QCFASTQ_NANOPLOT_FASTQC:FASTQC,A549_R1,NFCORE_NANOSEQ:NANOSEQ:QCFASTQ_NANOPLOT_FASTQC:FASTQC (A549_R1),COMPLETED,0,-,quay.io/biocontainers/fastqc:0.11.9--0,6,28800000,-,25769803776,1,1725528738483,1764571538572,1764571654639,116156,115000,-,102.1,3.6,1198567424,4491829248,1198567424,4492996608,2355372146,1940886,4570412,5861,0,2228224,Intel(R) Core(TM) i7-10700T CPU @ 2.00GHz
5,-,390753,NFCORE_NANOSEQ:NANOSEQ:PREPARE_GENOME:GET_CHROM_SIZES,genome.fa,NFCORE_NANOSEQ:NANOSEQ:PREPARE_GENOME:GET_CHROM_SIZES (genome.fa),COMPLETED,0,-,quay.io/biocontainers/samtools:1.13--h8c37831_0,6,28800000,-,25769803776,1,1725528854650,1764571654739,1764571665309,10659,9000,-,99.6,0.0,4763648,12427264,4763648,12431360,3147399684,5814,48258,20,8036352,16384,Intel(R) Core(TM) i7-10700T CPU @ 2.00GHz
21,-,391510,NFCORE_NANOSEQ:NANOSEQ:ALIGN_MINIMAP2:MINIMAP2_INDEX,genome.fa,NFCORE_NANOSEQ:NANOSEQ:ALIGN_MINIMAP2:MINIMAP2_INDEX (genome.fa),COMPLETED,0,-,quay.io/biocontainers/minimap2:2.17--hed695b0_3,12,57600000,-,25769803776,1,1725528865638,1764571665711,1764571752201,86563,82000,-,244.7,55.2,18481451008,23125061632,19359432704,23855484928,3147330512,11574289233,192231,684930,868352,11574296576,Intel(R) Core(TM) i7-10700T CPU @ 2.00GHz
22,-,393112,NFCORE_NANOSEQ:NANOSEQ:ALIGN_MINIMAP2:MINIMAP2_ALIGN,A549_R1,NFCORE_NANOSEQ:NANOSEQ:ALIGN_MINIMAP2:MINIMAP2_ALIGN (A549_R1),COMPLETED,0,-,quay.io/biocontainers/minimap2:2.17--hed695b0_3,6,28800000,-,25769803776,1,1725528953022,1764571753104,1764573876228,2123206,2120000,-,597.0,63.4,21216276480,21681369088,21628186624,22092419072,13908852841,5951401634,970009,1451598,6503231488,5951410176,Intel(R) Core(TM) i7-10700T CPU @ 2.00GHz
24,-,403768,NFCORE_NANOSEQ:NANOSEQ:ALIGN_MINIMAP2:MINIMAP2_ALIGN,A549_R3,NFCORE_NANOSEQ:NANOSEQ:ALIGN_MINIMAP2:MINIMAP2_ALIGN (A549_R3),COMPLETED,0,-,quay.io/biocontainers/minimap2:2.17--hed695b0_3,6,28800000,-,25769803776,1,1725531076233,1764573876329,1764575283232,1406999,1405000,-,588.1,67.7,22669373440,23195815936,23147372544,23673974784,12659738461,2726019035,817529,657862,11887800320,2726027264,Intel(R) Core(TM) i7-10700T CPU @ 2.00GHz
23,-,412690,NFCORE_NANOSEQ:NANOSEQ:ALIGN_MINIMAP2:MINIMAP2_ALIGN,A549_R2,NFCORE_NANOSEQ:NANOSEQ:ALIGN_MINIMAP2:MINIMAP2_ALIGN (A549_R2),COMPLETED,0,-,quay.io/biocontainers/minimap2:2.17--hed695b0_3,6,28800000,-,25769803776,1,1725532483248,1764575283332,1764578946290,3663042,3660000,-,596.8,65.2,21845102592,22260744192,22417686528,22831181824,13941529396,6001670626,973997,1413229,13383315456,6001680384,Intel(R) Core(TM) i7-10700T CPU @ 2.00GHz
12,-,426693,NFCORE_NANOSEQ:NANOSEQ:QCFASTQ_NANOPLOT_FASTQC:FASTQC,K562_R1,NFCORE_NANOSEQ:NANOSEQ:QCFASTQ_NANOPLOT_FASTQC:FASTQC (K562_R1),COMPLETED,0,-,quay.io/biocontainers/fastqc:0.11.9--0,6,28800000,-,25769803776,1,1725536146307,1764578946390,1764579019628,73321,72000,-,103.2,3.6,1214300160,4567715840,1215778816,4629200896,1449082120,2119929,2800433,6104,1479426048,2375680,Intel(R) Core(TM) i7-10700T CPU @ 2.00GHz
16,-,428267,NFCORE_NANOSEQ:NANOSEQ:QCFASTQ_NANOPLOT_FASTQC:NANOPLOT,K562_R2,NFCORE_NANOSEQ:NANOSEQ:QCFASTQ_NANOPLOT_FASTQC:NANOPLOT (K562_R2),COMPLETED,0,-,quay.io/biocontainers/nanoplot:1.41.0--pyhdfd78af_0,2,14400000,-,12884901888,1,1725536219649,1764579019729,1764579134641,114992,114000,-,67.6,7.3,2385817600,43049361408,2598600704,72831926272,616588906,13134507,142968,551,621666304,10338304,Intel(R) Core(TM) i7-10700T CPU @ 2.00GHz
13,-,428261,NFCORE_NANOSEQ:NANOSEQ:QCFASTQ_NANOPLOT_FASTQC:NANOPLOT,K562_R1,NFCORE_NANOSEQ:NANOSEQ:QCFASTQ_NANOPLOT_FASTQC:NANOPLOT (K562_R1),COMPLETED,0,-,quay.io/biocontainers/nanoplot:1.41.0--pyhdfd78af_0,2,14400000,-,12884901888,1,1725536219636,1764579019728,1764579246529,226893,226000,-,86.0,7.1,2372988928,43063009280,2716917760,72922427392,1497398596,18537065,356777,551,67866624,10350592,Intel(R) Core(TM) i7-10700T CPU @ 2.00GHz
18,-,440669,NFCORE_NANOSEQ:NANOSEQ:QCFASTQ_NANOPLOT_FASTQC:NANOPLOT,K562_R3,NFCORE_NANOSEQ:NANOSEQ:QCFASTQ_NANOPLOT_FASTQC:NANOPLOT (K562_R3),COMPLETED,0,-,quay.io/biocontainers/nanoplot:1.41.0--pyhdfd78af_0,2,14400000,-,12884901888,1,1725536334646,1764579134741,1764579480846,346200,346000,-,90.3,7.1,2323714048,37634994176,2539118592,63076708352,2448765649,21957398,588261,551,2376142848,10334208,Intel(R) Core(TM) i7-10700T CPU @ 2.00GHz
25,-,460111,NFCORE_NANOSEQ:NANOSEQ:ALIGN_MINIMAP2:MINIMAP2_ALIGN,K562_R1,NFCORE_NANOSEQ:NANOSEQ:ALIGN_MINIMAP2:MINIMAP2_ALIGN (K562_R1),COMPLETED,0,-,quay.io/biocontainers/minimap2:2.17--hed695b0_3,6,28800000,-,25769803776,1,1725536680853,1764579480948,1764580878259,1397406,1393000,-,589.8,62.9,21078614016,21563916288,21078614016,21563920384,13002496123,3606204358,859369,875560,9285197824,3606212608,Intel(R) Core(TM) i7-10700T CPU @ 2.00GHz
15,-,469037,NFCORE_NANOSEQ:NANOSEQ:QCFASTQ_NANOPLOT_FASTQC:FASTQC,K562_R2,NFCORE_NANOSEQ:NANOSEQ:QCFASTQ_NANOPLOT_FASTQC:FASTQC (K562_R2),COMPLETED,0,-,quay.io/biocontainers/fastqc:0.11.9--0,6,28800000,-,25769803776,1,1725538078266,1764580878359,1764580907523,29257,28000,-,109.5,3.4,1144328192,4491829248,1144328192,4556845056,573706638,2128132,1090793,6077,551378944,2359296,Intel(R) Core(TM) i7-10700T CPU @ 2.00GHz
26,-,470052,NFCORE_NANOSEQ:NANOSEQ:ALIGN_MINIMAP2:MINIMAP2_ALIGN,K562_R2,NFCORE_NANOSEQ:NANOSEQ:ALIGN_MINIMAP2:MINIMAP2_ALIGN (K562_R2),COMPLETED,0,-,quay.io/biocontainers/minimap2:2.17--hed695b0_3,6,28800000,-,25769803776,1,1725538107531,1764580907623,1764581774450,866919,865000,-,581.1,61.1,20478480384,21063282688,20872261632,21348483072,12127100989,1444979972,752510,347856,9045942272,1444990976,Intel(R) Core(TM) i7-10700T CPU @ 2.00GHz
19,-,477787,NFCORE_NANOSEQ:NANOSEQ:QCFASTQ_NANOPLOT_FASTQC:FASTQC,K562_R3,NFCORE_NANOSEQ:NANOSEQ:QCFASTQ_NANOPLOT_FASTQC:FASTQC (K562_R3),COMPLETED,0,-,quay.io/biocontainers/fastqc:0.11.9--0,6,28800000,-,25769803776,1,1725538974461,1764581774550,1764581883657,109196,108000,-,103.0,3.6,1201606656,4491829248,1201606656,4492288000,2397158090,2231317,4652222,6254,2356994048,2736128,Intel(R) Core(TM) i7-10700T CPU @ 2.00GHz
27,-,479688,NFCORE_NANOSEQ:NANOSEQ:ALIGN_MINIMAP2:MINIMAP2_ALIGN,K562_R3,NFCORE_NANOSEQ:NANOSEQ:ALIGN_MINIMAP2:MINIMAP2_ALIGN (K562_R3),COMPLETED,0,-,quay.io/biocontainers/minimap2:2.17--hed695b0_3,6,28800000,-,25769803776,1,1725539083665,1764581883757,1764584990744,3107079,3103000,-,597.1,66.2,22162620416,22720806912,22776967168,23199719424,13950471635,5933394204,975089,1428098,8517652480,5933404160,Intel(R) Core(TM) i7-10700T CPU @ 2.00GHz
28,-,492457,NFCORE_NANOSEQ:NANOSEQ:BAM_SORT_INDEX_SAMTOOLS:SAMTOOLS_VIEW_BAM,A549_R1,NFCORE_NANOSEQ:NANOSEQ:BAM_SORT_INDEX_SAMTOOLS:SAMTOOLS_VIEW_BAM (A549_R1),COMPLETED,0,-,quay.io/biocontainers/samtools:1.15.1--h1170115_0,6,28800000,-,25769803776,1,1725542190758,1764584990843,1764585020346,29588,29000,-,471.1,0.1,52043776,621748224,52043776,685527040,5951507355,2929858192,25143,81371,5960327168,2930511872,Intel(R) Core(TM) i7-10700T CPU @ 2.00GHz
29,-,493442,NFCORE_NANOSEQ:NANOSEQ:BAM_SORT_INDEX_SAMTOOLS:SAMTOOLS_VIEW_BAM,A549_R3,NFCORE_NANOSEQ:NANOSEQ:BAM_SORT_INDEX_SAMTOOLS:SAMTOOLS_VIEW_BAM (A549_R3),COMPLETED,0,-,quay.io/biocontainers/samtools:1.15.1--h1170115_0,6,28800000,-,25769803776,1,1725542220355,1764585020446,1764585034141,13786,13000,-,466.0,0.2,73879552,630456320,73879552,685527040,2726124844,1359961727,11119,36148,2726068224,1360252928,Intel(R) Core(TM) i7-10700T CPU @ 2.00GHz
30,-,494266,NFCORE_NANOSEQ:NANOSEQ:BAM_SORT_INDEX_SAMTOOLS:SAMTOOLS_VIEW_BAM,A549_R2,NFCORE_NANOSEQ:NANOSEQ:BAM_SORT_INDEX_SAMTOOLS:SAMTOOLS_VIEW_BAM (A549_R2),COMPLETED,0,-,quay.io/biocontainers/samtools:1.15.1--h1170115_0,6,28800000,-,25769803776,1,1725542234153,1764585034242,1764585062994,28841,28000,-,467.4,0.2,79986688,630476800,79986688,686448640,6001776315,2961274122,24366,79823,6002388992,2961915904,Intel(R) Core(TM) i7-10700T CPU @ 2.00GHz
31,-,495244,NFCORE_NANOSEQ:NANOSEQ:BAM_SORT_INDEX_SAMTOOLS:SAMTOOLS_VIEW_BAM,K562_R1,NFCORE_NANOSEQ:NANOSEQ:BAM_SORT_INDEX_SAMTOOLS:SAMTOOLS_VIEW_BAM (K562_R1),COMPLETED,0,-,quay.io/biocontainers/samtools:1.15.1--h1170115_0,6,28800000,-,25769803776,1,1725542263011,1764585063095,1764585081241,18230,17000,-,474.4,0.2,55025664,621744128,55025664,685527040,3606310173,1772160852,15358,49669,3606265856,1772560384,Intel(R) Core(TM) i7-10700T CPU @ 2.00GHz
32,-,496113,NFCORE_NANOSEQ:NANOSEQ:BAM_SORT_INDEX_SAMTOOLS:SAMTOOLS_VIEW_BAM,K562_R2,NFCORE_NANOSEQ:NANOSEQ:BAM_SORT_INDEX_SAMTOOLS:SAMTOOLS_VIEW_BAM (K562_R2),COMPLETED,0,-,quay.io/biocontainers/samtools:1.15.1--h1170115_0,6,28800000,-,25769803776,1,1725542281252,1764585081341,1764585088739,7487,7000,-,466.8,0.1,49545216,621809664,49545216,686448640,1445085844,702949099,6292,19302,1445003264,703107072,Intel(R) Core(TM) i7-10700T CPU @ 2.00GHz
33,-,496710,NFCORE_NANOSEQ:NANOSEQ:BAM_SORT_INDEX_SAMTOOLS:SAMTOOLS_VIEW_BAM,K562_R3,NFCORE_NANOSEQ:NANOSEQ:BAM_SORT_INDEX_SAMTOOLS:SAMTOOLS_VIEW_BAM (K562_R3),COMPLETED,0,-,quay.io/biocontainers/samtools:1.15.1--h1170115_0,6,28800000,-,25769803776,1,1725542288748,1764585088839,1764585117458,28710,28000,-,470.1,0.2,58351616,623304704,58351616,685527040,5933499893,2953692175,25138,78589,4825595904,2954326016,Intel(R) Core(TM) i7-10700T CPU @ 2.00GHz
34,-,497688,NFCORE_NANOSEQ:NANOSEQ:BAM_SORT_INDEX_SAMTOOLS:SAMTOOLS_SORT,A549_R1,NFCORE_NANOSEQ:NANOSEQ:BAM_SORT_INDEX_SAMTOOLS:SAMTOOLS_SORT (A549_R1),COMPLETED,0,-,quay.io/biocontainers/samtools:1.16.1--h6899075_1,6,28800000,-,25769803776,1,1725542317481,1764585117557,1764585165267,47786,48000,-,511.3,14.8,4947824640,6010617856,5025505280,6075797504,5453537091,5238508495,307111,153474,1710374912,5239177216,Intel(R) Core(TM) i7-10700T CPU @ 2.00GHz
35,-,498912,NFCORE_NANOSEQ:NANOSEQ:BAM_SORT_INDEX_SAMTOOLS:SAMTOOLS_SORT,A549_R3,NFCORE_NANOSEQ:NANOSEQ:BAM_SORT_INDEX_SAMTOOLS:SAMTOOLS_SORT (A549_R3),COMPLETED,0,-,quay.io/biocontainers/samtools:1.16.1--h6899075_1,6,28800000,-,25769803776,1,1725542365271,1764585165367,1764585185783,20512,14000,-,459.3,7.3,2455867392,5959557120,2493927424,5982892032,1360067798,1261857098,72481,36146,956162048,1262149632,Intel(R) Core(TM) i7-10700T CPU @ 2.00GHz
36,-,499741,NFCORE_NANOSEQ:NANOSEQ:BAM_SORT_INDEX_SAMTOOLS:SAMTOOLS_SORT,A549_R2,NFCORE_NANOSEQ:NANOSEQ:BAM_SORT_INDEX_SAMTOOLS:SAMTOOLS_SORT (A549_R2),COMPLETED,0,-,quay.io/biocontainers/samtools:1.16.1--h6899075_1,6,28800000,-,25769803776,1,1725542385793,1764585185883,1764585235681,49888,47000,-,478.1,14.7,4912930816,6012764160,4965376000,6050562048,5634770705,5446810433,308316,154093,2267574272,5447467008,Intel(R) Core(TM) i7-10700T CPU @ 2.00GHz
37,-,500961,NFCORE_NANOSEQ:NANOSEQ:BAM_SORT_INDEX_SAMTOOLS:SAMTOOLS_SORT,K562_R1,NFCORE_NANOSEQ:NANOSEQ:BAM_SORT_INDEX_SAMTOOLS:SAMTOOLS_SORT (K562_R1),COMPLETED,0,-,quay.io/biocontainers/samtools:1.16.1--h6899075_1,6,28800000,-,25769803776,1,1725542435687,1764585235781,1764585262428,26741,21000,-,469.8,10.1,3383517184,5959323648,3383517184,6024597504,1772266922,1667340443,99525,49672,1420898304,1667739648,Intel(R) Core(TM) i7-10700T CPU @ 2.00GHz
38,-,501897,NFCORE_NANOSEQ:NANOSEQ:BAM_SORT_INDEX_SAMTOOLS:SAMTOOLS_SORT,K562_R2,NFCORE_NANOSEQ:NANOSEQ:BAM_SORT_INDEX_SAMTOOLS:SAMTOOLS_SORT (K562_R2),COMPLETED,0,-,quay.io/biocontainers/samtools:1.16.1--h6899075_1,6,28800000,-,25769803776,1,1725542462442,1764585262528,1764585274220,11778,7000,-,456.0,3.9,1306275840,5934190592,1321877504,6059466752,703055184,677421709,38793,19307,550305792,677580800,Intel(R) Core(TM) i7-10700T CPU @ 2.00GHz
39,-,502566,NFCORE_NANOSEQ:NANOSEQ:BAM_SORT_INDEX_SAMTOOLS:SAMTOOLS_SORT,K562_R3,NFCORE_NANOSEQ:NANOSEQ:BAM_SORT_INDEX_SAMTOOLS:SAMTOOLS_SORT (K562_R3),COMPLETED,0,-,quay.io/biocontainers/samtools:1.16.1--h6899075_1,6,28800000,-,25769803776,1,1725542474230,1764585274320,1764585322239,48009,45000,-,491.7,14.7,4924203008,6010961920,4987084800,6058741760,5636011917,5450838947,303984,151909,2022838272,5451505664,Intel(R) Core(TM) i7-10700T CPU @ 2.00GHz
41,-,503838,NFCORE_NANOSEQ:NANOSEQ:BAM_SORT_INDEX_SAMTOOLS:SAMTOOLS_INDEX,A549_R3,NFCORE_NANOSEQ:NANOSEQ:BAM_SORT_INDEX_SAMTOOLS:SAMTOOLS_INDEX (A549_R3),COMPLETED,0,-,quay.io/biocontainers/samtools:1.16.1--h6899075_1,2,14400000,-,12884901888,1,1725542522291,1764585322341,1764585335998,13707,7000,-,121.2,0.0,15134720,172359680,15134720,231587840,1261962419,2093360,72476,528,651317248,2097152,Intel(R) Core(TM) i7-10700T CPU @ 2.00GHz
47,-,505159,NFCORE_NANOSEQ:NANOSEQ:BAM_SORT_INDEX_SAMTOOLS:BAM_STATS_SAMTOOLS:SAMTOOLS_IDXSTATS,A549_R3,NFCORE_NANOSEQ:NANOSEQ:BAM_SORT_INDEX_SAMTOOLS:BAM_STATS_SAMTOOLS:SAMTOOLS_IDXSTATS (A549_R3),COMPLETED,0,-,quay.io/biocontainers/samtools:1.16.1--h6899075_1,1,14400000,-,6442450944,1,1725542537008,1764585337098,1764585337668,660,0,-,53.3,0.0,3149824,5640192,3149824,5644288,2203610,5487,259,19,0,12288,Intel(R) Core(TM) i7-10700T CPU @ 2.00GHz
40,-,503811,NFCORE_NANOSEQ:NANOSEQ:BAM_SORT_INDEX_SAMTOOLS:SAMTOOLS_INDEX,A549_R1,NFCORE_NANOSEQ:NANOSEQ:BAM_SORT_INDEX_SAMTOOLS:SAMTOOLS_INDEX (A549_R1),COMPLETED,0,-,quay.io/biocontainers/samtools:1.16.1--h6899075_1,2,14400000,-,12884901888,1,1725542522251,1764585322339,1764585344325,22074,16000,-,123.1,0.0,14815232,172277760,14815232,231587840,2715065731,2343665,162950,589,1827196928,2347008,Intel(R) Core(TM) i7-10700T CPU @ 2.00GHz
46,-,505483,NFCORE_NANOSEQ:NANOSEQ:BAM_SORT_INDEX_SAMTOOLS:BAM_STATS_SAMTOOLS:SAMTOOLS_FLAGSTAT,A549_R3,NFCORE_NANOSEQ:NANOSEQ:BAM_SORT_INDEX_SAMTOOLS:BAM_STATS_SAMTOOLS:SAMTOOLS_FLAGSTAT (A549_R3),COMPLETED,0,-,quay.io/biocontainers/samtools:1.16.1--h6899075_1,1,14400000,-,6442450944,1,1725542537677,1764585337768,1764585345182,7505,6000,-,115.7,0.0,6955008,164339712,6955008,231587840,1261962515,5454,72476,19,0,12288,Intel(R) Core(TM) i7-10700T CPU @ 2.00GHz
42,-,504896,NFCORE_NANOSEQ:NANOSEQ:BAM_SORT_INDEX_SAMTOOLS:SAMTOOLS_INDEX,A549_R2,NFCORE_NANOSEQ:NANOSEQ:BAM_SORT_INDEX_SAMTOOLS:SAMTOOLS_INDEX (A549_R2),COMPLETED,0,-,quay.io/biocontainers/samtools:1.16.1--h6899075_1,2,14400000,-,12884901888,1,1725542536002,1764585336098,1764585352948,16946,16000,-,120.0,0.0,18931712,176590848,18931712,231587840,2773549989,2626945,159868,659,1007325184,2633728,Intel(R) Core(TM) i7-10700T CPU @ 2.00GHz
43,-,506459,NFCORE_NANOSEQ:NANOSEQ:BAM_SORT_INDEX_SAMTOOLS:SAMTOOLS_INDEX,K562_R1,NFCORE_NANOSEQ:NANOSEQ:BAM_SORT_INDEX_SAMTOOLS:SAMTOOLS_INDEX (K562_R1),COMPLETED,0,-,quay.io/biocontainers/samtools:1.16.1--h6899075_1,2,14400000,-,12884901888,1,1725542544329,1764585344425,1764585355190,10861,10000,-,123.9,0.0,15732736,173088768,15732736,231587840,1667445771,2253297,99528,567,89112576,2256896,Intel(R) Core(TM) i7-10700T CPU @ 2.00GHz
44,-,507969,NFCORE_NANOSEQ:NANOSEQ:BAM_SORT_INDEX_SAMTOOLS:SAMTOOLS_INDEX,K562_R2,NFCORE_NANOSEQ:NANOSEQ:BAM_SORT_INDEX_SAMTOOLS:SAMTOOLS_INDEX (K562_R2),COMPLETED,0,-,quay.io/biocontainers/samtools:1.16.1--h6899075_1,2,14400000,-,12884901888,1,1725542552966,1764585353048,1764585357883,4917,4000,-,122.2,0.0,14245888,171474944,14245888,231587840,677527031,2038136,38798,515,5578752,2043904,Intel(R) Core(TM) i7-10700T CPU @ 2.00GHz
51,-,509039,NFCORE_NANOSEQ:NANOSEQ:BAM_SORT_INDEX_SAMTOOLS:BAM_STATS_SAMTOOLS:SAMTOOLS_IDXSTATS,A549_R1,NFCORE_NANOSEQ:NANOSEQ:BAM_SORT_INDEX_SAMTOOLS:BAM_STATS_SAMTOOLS:SAMTOOLS_IDXSTATS (A549_R1),COMPLETED,0,-,quay.io/biocontainers/samtools:1.16.1--h6899075_1,1,14400000,-,6442450944,1,1725542557910,1764585357983,1764585358784,874,0,-,97.0,0.0,3153920,5640192,3153920,5644288,2453916,5501,263,19,0,12288,Intel(R) Core(TM) i7-10700T CPU @ 2.00GHz
48,-,506772,NFCORE_NANOSEQ:NANOSEQ:BAM_SORT_INDEX_SAMTOOLS:BAM_STATS_SAMTOOLS:SAMTOOLS_STATS,A549_R3,NFCORE_NANOSEQ:NANOSEQ:BAM_SORT_INDEX_SAMTOOLS:BAM_STATS_SAMTOOLS:SAMTOOLS_STATS (A549_R3),COMPLETED,0,-,quay.io/biocontainers/samtools:1.16.1--h6899075_1,1,14400000,-,6442450944,1,1725542545186,1764585345282,1764585369268,24082,23000,-,139.4,0.3,115093504,272986112,115093504,273055744,1261963214,24969770,72476,6113,139264,24973312,Intel(R) Core(TM) i7-10700T CPU @ 2.00GHz
59,-,511210,NFCORE_NANOSEQ:NANOSEQ:BAM_SORT_INDEX_SAMTOOLS:BAM_STATS_SAMTOOLS:SAMTOOLS_IDXSTATS,A549_R2,NFCORE_NANOSEQ:NANOSEQ:BAM_SORT_INDEX_SAMTOOLS:BAM_STATS_SAMTOOLS:SAMTOOLS_IDXSTATS (A549_R2),COMPLETED,0,-,quay.io/biocontainers/samtools:1.16.1--h6899075_1,1,14400000,-,6442450944,1,1725542569284,1764585369375,1764585369907,623,0,-,126.3,0.0,3158016,5640192,3158016,5644288,2737197,5493,268,19,0,12288,Intel(R) Core(TM) i7-10700T CPU @ 2.00GHz
45,-,508497,NFCORE_NANOSEQ:NANOSEQ:BAM_SORT_INDEX_SAMTOOLS:SAMTOOLS_INDEX,K562_R3,NFCORE_NANOSEQ:NANOSEQ:BAM_SORT_INDEX_SAMTOOLS:SAMTOOLS_INDEX (K562_R3),COMPLETED,0,-,quay.io/biocontainers/samtools:1.16.1--h6899075_1,2,14400000,-,12884901888,1,1725542555215,1764585355290,1764585374586,19371,19000,-,122.9,0.0,19161088,176435200,19161088,231587840,2768755344,2740609,157382,686,0,2744320,Intel(R) Core(TM) i7-10700T CPU @ 2.00GHz
61,-,512206,NFCORE_NANOSEQ:NANOSEQ:BAM_SORT_INDEX_SAMTOOLS:BAM_STATS_SAMTOOLS:SAMTOOLS_IDXSTATS,K562_R1,NFCORE_NANOSEQ:NANOSEQ:BAM_SORT_INDEX_SAMTOOLS:BAM_STATS_SAMTOOLS:SAMTOOLS_IDXSTATS (K562_R1),COMPLETED,0,-,quay.io/biocontainers/samtools:1.16.1--h6899075_1,1,14400000,-,6442450944,1,1725542574714,1764585374794,1764585375413,699,0,-,114.3,0.0,3252224,5640192,3252224,5644288,2363549,5492,262,19,0,12288,Intel(R) Core(TM) i7-10700T CPU @ 2.00GHz
53,-,509066,NFCORE_NANOSEQ:NANOSEQ:BAM_SORT_INDEX_SAMTOOLS:BAM_STATS_SAMTOOLS:SAMTOOLS_FLAGSTAT,A549_R1,NFCORE_NANOSEQ:NANOSEQ:BAM_SORT_INDEX_SAMTOOLS:BAM_STATS_SAMTOOLS:SAMTOOLS_FLAGSTAT (A549_R1),COMPLETED,0,-,quay.io/biocontainers/samtools:1.16.1--h6899075_1,1,14400000,-,6442450944,1,1725542557926,1764585357985,1764585377365,19439,19000,-,119.6,0.0,7106560,164339712,7106560,231587840,2715065825,5456,162950,19,0,12288,Intel(R) Core(TM) i7-10700T CPU @ 2.00GHz
62,-,512612,NFCORE_NANOSEQ:NANOSEQ:BAM_SORT_INDEX_SAMTOOLS:BAM_STATS_SAMTOOLS:SAMTOOLS_FLAGSTAT,K562_R1,NFCORE_NANOSEQ:NANOSEQ:BAM_SORT_INDEX_SAMTOOLS:BAM_STATS_SAMTOOLS:SAMTOOLS_FLAGSTAT (K562_R1),COMPLETED,0,-,quay.io/biocontainers/samtools:1.16.1--h6899075_1,1,14400000,-,6442450944,1,1725542575419,1764585375513,1764585388566,13147,13000,-,120.0,0.0,7041024,164339712,7041024,231587840,1667445867,5455,99528,19,6430720,12288,Intel(R) Core(TM) i7-10700T CPU @ 2.00GHz
66,-,515117,NFCORE_NANOSEQ:NANOSEQ:BAM_SORT_INDEX_SAMTOOLS:BAM_STATS_SAMTOOLS:SAMTOOLS_IDXSTATS,K562_R2,NFCORE_NANOSEQ:NANOSEQ:BAM_SORT_INDEX_SAMTOOLS:BAM_STATS_SAMTOOLS:SAMTOOLS_IDXSTATS (K562_R2),COMPLETED,0,-,quay.io/biocontainers/samtools:1.16.1--h6899075_1,1,14400000,-,6442450944,1,1725542588570,1764585388667,1764585389187,617,0,-,114.3,0.0,3248128,5640192,3248128,5644288,2148390,5480,259,19,1757184,12288,Intel(R) Core(TM) i7-10700T CPU @ 2.00GHz
58,-,511524,NFCORE_NANOSEQ:NANOSEQ:BAM_SORT_INDEX_SAMTOOLS:BAM_STATS_SAMTOOLS:SAMTOOLS_FLAGSTAT,A549_R2,NFCORE_NANOSEQ:NANOSEQ:BAM_SORT_INDEX_SAMTOOLS:BAM_STATS_SAMTOOLS:SAMTOOLS_FLAGSTAT (A549_R2),COMPLETED,0,-,quay.io/biocontainers/samtools:1.16.1--h6899075_1,1,14400000,-,6442450944,1,1725542569925,1764585370008,1764585391059,21134,20000,-,116.4,0.0,7311360,164876288,7311360,231587840,2773550085,5456,159868,19,6635520,12288,Intel(R) Core(TM) i7-10700T CPU @ 2.00GHz
70,-,515378,NFCORE_NANOSEQ:NANOSEQ:BAM_SORT_INDEX_SAMTOOLS:BAM_STATS_SAMTOOLS:SAMTOOLS_FLAGSTAT,K562_R2,NFCORE_NANOSEQ:NANOSEQ:BAM_SORT_INDEX_SAMTOOLS:BAM_STATS_SAMTOOLS:SAMTOOLS_FLAGSTAT (K562_R2),COMPLETED,0,-,quay.io/biocontainers/samtools:1.16.1--h6899075_1,1,14400000,-,6442450944,1,1725542589191,1764585389287,1764585394989,5798,5000,-,118.2,0.0,7049216,164339712,7049216,231587840,677527125,5450,38798,19,3297280,12288,Intel(R) Core(TM) i7-10700T CPU @ 2.00GHz
69,-,515812,NFCORE_NANOSEQ:NANOSEQ:BAM_SORT_INDEX_SAMTOOLS:BAM_STATS_SAMTOOLS:SAMTOOLS_STATS,K562_R2,NFCORE_NANOSEQ:NANOSEQ:BAM_SORT_INDEX_SAMTOOLS:BAM_STATS_SAMTOOLS:SAMTOOLS_STATS (K562_R2),COMPLETED,0,-,quay.io/biocontainers/samtools:1.16.1--h6899075_1,1,14400000,-,6442450944,1,1725542591063,1764585391159,1764585409014,17951,17000,-,136.6,0.4,139567104,297402368,139567104,297431040,677527826,5333755,38798,1319,208896,5337088,Intel(R) Core(TM) i7-10700T CPU @ 2.00GHz
72,-,518322,NFCORE_NANOSEQ:NANOSEQ:BAM_SORT_INDEX_SAMTOOLS:BAM_STATS_SAMTOOLS:SAMTOOLS_IDXSTATS,K562_R3,NFCORE_NANOSEQ:NANOSEQ:BAM_SORT_INDEX_SAMTOOLS:BAM_STATS_SAMTOOLS:SAMTOOLS_IDXSTATS (K562_R3),COMPLETED,0,-,quay.io/biocontainers/samtools:1.16.1--h6899075_1,1,14400000,-,6442450944,1,1725542609019,1764585409114,1764585409710,691,0,-,109.1,0.0,3219456,5640192,3219456,5644288,2850860,5499,269,19,2555904,12288,Intel(R) Core(TM) i7-10700T CPU @ 2.00GHz
71,-,516652,NFCORE_NANOSEQ:NANOSEQ:BAM_SORT_INDEX_SAMTOOLS:BAM_STATS_SAMTOOLS:SAMTOOLS_FLAGSTAT,K562_R3,NFCORE_NANOSEQ:NANOSEQ:BAM_SORT_INDEX_SAMTOOLS:BAM_STATS_SAMTOOLS:SAMTOOLS_FLAGSTAT (K562_R3),COMPLETED,0,-,quay.io/biocontainers/samtools:1.16.1--h6899075_1,1,14400000,-,6442450944,1,1725542594996,1764585395089,1764585416259,21263,20000,-,117.9,0.0,7049216,164339712,7049216,231587840,2768755438,5457,157382,19,0,12288,Intel(R) Core(TM) i7-10700T CPU @ 2.00GHz
52,-,509474,NFCORE_NANOSEQ:NANOSEQ:BAM_SORT_INDEX_SAMTOOLS:BAM_STATS_SAMTOOLS:SAMTOOLS_STATS,A549_R1,NFCORE_NANOSEQ:NANOSEQ:BAM_SORT_INDEX_SAMTOOLS:BAM_STATS_SAMTOOLS:SAMTOOLS_STATS (A549_R1),COMPLETED,0,-,quay.io/biocontainers/samtools:1.16.1--h6899075_1,1,14400000,-,6442450944,1,1725542558802,1764585358884,1764585416814,58012,57000,-,141.9,0.2,81719296,239755264,81719296,239992832,2715066517,3757856,162950,935,2306048,3764224,Intel(R) Core(TM) i7-10700T CPU @ 2.00GHz
63,-,513049,NFCORE_NANOSEQ:NANOSEQ:BAM_SORT_INDEX_SAMTOOLS:BAM_STATS_SAMTOOLS:SAMTOOLS_STATS,K562_R1,NFCORE_NANOSEQ:NANOSEQ:BAM_SORT_INDEX_SAMTOOLS:BAM_STATS_SAMTOOLS:SAMTOOLS_STATS (K562_R1),COMPLETED,0,-,quay.io/biocontainers/samtools:1.16.1--h6899075_1,1,14400000,-,6442450944,1,1725542577369,1764585377465,1764585418082,40713,40000,-,139.0,0.2,56307712,214065152,56307712,232824832,1667446558,2738429,99528,686,106496,2744320,Intel(R) Core(TM) i7-10700T CPU @ 2.00GHz
60,-,512127,NFCORE_NANOSEQ:NANOSEQ:BAM_SORT_INDEX_SAMTOOLS:BAM_STATS_SAMTOOLS:SAMTOOLS_STATS,A549_R2,NFCORE_NANOSEQ:NANOSEQ:BAM_SORT_INDEX_SAMTOOLS:BAM_STATS_SAMTOOLS:SAMTOOLS_STATS (A549_R2),COMPLETED,0,-,quay.io/biocontainers/samtools:1.16.1--h6899075_1,1,14400000,-,6442450944,1,1725542574604,1764585374693,1764585435136,60532,60000,-,137.7,3.7,1257033728,1417723904,1257033728,1417728000,2773550782,38361513,159868,9383,2199552,38367232,Intel(R) Core(TM) i7-10700T CPU @ 2.00GHz
73,-,518636,NFCORE_NANOSEQ:NANOSEQ:BAM_SORT_INDEX_SAMTOOLS:BAM_STATS_SAMTOOLS:SAMTOOLS_STATS,K562_R3,NFCORE_NANOSEQ:NANOSEQ:BAM_SORT_INDEX_SAMTOOLS:BAM_STATS_SAMTOOLS:SAMTOOLS_STATS (K562_R3),COMPLETED,0,-,quay.io/biocontainers/samtools:1.16.1--h6899075_1,1,14400000,-,6442450944,1,1725542609715,1764585409810,1764585455922,46207,45000,-,139.2,0.5,185864192,343867392,185864192,343871488,2768756136,6533234,157382,1612,0,6537216,Intel(R) Core(TM) i7-10700T CPU @ 2.00GHz
49,-,520163,NFCORE_NANOSEQ:NANOSEQ:BEDTOOLS_UCSC_BIGBED:BEDTOOLS_BAMBED,-,NFCORE_NANOSEQ:NANOSEQ:BEDTOOLS_UCSC_BIGBED:BEDTOOLS_BAMBED (1),COMPLETED,0,-,quay.io/biocontainers/bedtools:2.29.2--hc088bd4_0,6,28800000,-,25769803776,1,1725542635140,1764585435236,1764585469715,34575,33000,-,130.8,3.4,1133920256,1255686144,1133920256,1255755776,1431318856,338805939,113775,82734,5832704,169414656,Intel(R) Core(TM) i7-10700T CPU @ 2.00GHz
50,-,521911,NFCORE_NANOSEQ:NANOSEQ:BEDTOOLS_UCSC_BIGWIG:BEDTOOLS_GENOMECOV,A549_R3,NFCORE_NANOSEQ:NANOSEQ:BEDTOOLS_UCSC_BIGWIG:BEDTOOLS_GENOMECOV (A549_R3),COMPLETED,0,-,quay.io/biocontainers/bedtools:2.29.2--hc088bd4_0,6,28800000,-,25769803776,1,1725542669720,1764585469815,1764585557130,87410,85000,-,116.4,15.8,5297238016,6525849600,6049153024,7277850624,1541130858,558429937,141399,11939497,4493312,279224320,Intel(R) Core(TM) i7-10700T CPU @ 2.00GHz
55,-,524115,NFCORE_NANOSEQ:NANOSEQ:BEDTOOLS_UCSC_BIGBED:BEDTOOLS_BAMBED,-,NFCORE_NANOSEQ:NANOSEQ:BEDTOOLS_UCSC_BIGBED:BEDTOOLS_BAMBED (2),COMPLETED,0,-,quay.io/biocontainers/bedtools:2.29.2--hc088bd4_0,6,28800000,-,25769803776,1,1725542757134,1764585557230,1764585631999,74865,71000,-,133.1,8.6,2875637760,3356082176,2875637760,3356086272,3146173316,862308277,268153,210542,12894208,431165440,Intel(R) Core(TM) i7-10700T CPU @ 2.00GHz
54,-,526244,NFCORE_NANOSEQ:NANOSEQ:BEDTOOLS_UCSC_BIGWIG:BEDTOOLS_GENOMECOV,A549_R1,NFCORE_NANOSEQ:NANOSEQ:BEDTOOLS_UCSC_BIGWIG:BEDTOOLS_GENOMECOV (A549_R1),COMPLETED,0,-,quay.io/biocontainers/bedtools:2.29.2--hc088bd4_0,6,28800000,-,25769803776,1,1725542832006,1764585632098,1764585789611,157605,154000,-,110.8,18.4,6180052992,7289434112,7212347392,8431136768,3058324484,686610584,247293,14614418,4562944,343314432,Intel(R) Core(TM) i7-10700T CPU @ 2.00GHz
56,-,529601,NFCORE_NANOSEQ:NANOSEQ:BEDTOOLS_UCSC_BIGWIG:BEDTOOLS_GENOMECOV,A549_R2,NFCORE_NANOSEQ:NANOSEQ:BEDTOOLS_UCSC_BIGWIG:BEDTOOLS_GENOMECOV (A549_R2),COMPLETED,0,-,quay.io/biocontainers/bedtools:2.29.2--hc088bd4_0,6,28800000,-,25769803776,1,1725542989615,1764585789711,1764585946064,156449,153000,-,114.5,24.1,8094834688,9483632640,9139335168,10637189120,3250632947,954258980,276922,20292797,76746752,477138944,Intel(R) Core(TM) i7-10700T CPU @ 2.00GHz
57,-,532999,NFCORE_NANOSEQ:NANOSEQ:BEDTOOLS_UCSC_BIGBED:BEDTOOLS_BAMBED,-,NFCORE_NANOSEQ:NANOSEQ:BEDTOOLS_UCSC_BIGBED:BEDTOOLS_BAMBED (3),COMPLETED,0,-,quay.io/biocontainers/bedtools:2.29.2--hc088bd4_0,6,28800000,-,25769803776,1,1725543146068,1764585946164,1764586016284,70216,67000,-,123.0,5.3,1786163200,2019262464,1786163200,2019266560,3050461939,553916991,227425,135250,32964608,276967424,Intel(R) Core(TM) i7-10700T CPU @ 2.00GHz
65,-,534970,NFCORE_NANOSEQ:NANOSEQ:BEDTOOLS_UCSC_BIGBED:BEDTOOLS_BAMBED,-,NFCORE_NANOSEQ:NANOSEQ:BEDTOOLS_UCSC_BIGBED:BEDTOOLS_BAMBED (4),COMPLETED,0,-,quay.io/biocontainers/bedtools:2.29.2--hc088bd4_0,6,28800000,-,25769803776,1,1725543216293,1764586016385,1764586061481,45188,42000,-,128.2,4.2,1422381056,1589313536,1422381056,1589362688,1883191544,431584647,152152,105384,108838912,215801856,Intel(R) Core(TM) i7-10700T CPU @ 2.00GHz
64,-,536561,NFCORE_NANOSEQ:NANOSEQ:BEDTOOLS_UCSC_BIGWIG:BEDTOOLS_GENOMECOV,K562_R1,NFCORE_NANOSEQ:NANOSEQ:BEDTOOLS_UCSC_BIGWIG:BEDTOOLS_GENOMECOV (K562_R1),COMPLETED,0,-,quay.io/biocontainers/bedtools:2.29.2--hc088bd4_0,6,28800000,-,25769803776,1,1725543261494,1764586061581,1764586184874,123380,120000,-,117.5,22.9,7682404352,9532092416,8727560192,10686836736,2113405185,892011902,208891,19149021,0,446017536,Intel(R) Core(TM) i7-10700T CPU @ 2.00GHz
67,-,539350,NFCORE_NANOSEQ:NANOSEQ:BEDTOOLS_UCSC_BIGBED:BEDTOOLS_BAMBED,-,NFCORE_NANOSEQ:NANOSEQ:BEDTOOLS_UCSC_BIGBED:BEDTOOLS_BAMBED (5),COMPLETED,0,-,quay.io/biocontainers/bedtools:2.29.2--hc088bd4_0,6,28800000,-,25769803776,1,1725543384883,1764586184974,1764586204460,19577,17000,-,129.8,1.8,609681408,724054016,609681408,724090880,766321117,177681265,60428,43396,56774656,88850432,Intel(R) Core(TM) i7-10700T CPU @ 2.00GHz
68,-,540529,NFCORE_NANOSEQ:NANOSEQ:BEDTOOLS_UCSC_BIGWIG:BEDTOOLS_GENOMECOV,K562_R2,NFCORE_NANOSEQ:NANOSEQ:BEDTOOLS_UCSC_BIGWIG:BEDTOOLS_GENOMECOV (K562_R2),COMPLETED,0,-,quay.io/biocontainers/bedtools:2.29.2--hc088bd4_0,6,28800000,-,25769803776,1,1725543404463,1764586204559,1764586257319,52856,50000,-,120.6,12.1,4069584896,4626399232,4821164032,5378256896,868308178,381655363,87607,8256241,0,190836736,Intel(R) Core(TM) i7-10700T CPU @ 2.00GHz
74,-,542328,NFCORE_NANOSEQ:NANOSEQ:BEDTOOLS_UCSC_BIGBED:BEDTOOLS_BAMBED,-,NFCORE_NANOSEQ:NANOSEQ:BEDTOOLS_UCSC_BIGBED:BEDTOOLS_BAMBED (6),COMPLETED,0,-,quay.io/biocontainers/bedtools:2.29.2--hc088bd4_0,6,28800000,-,25769803776,1,1725543457326,1764586257419,1764586328581,71255,68000,-,128.4,7.1,2383413248,2776145920,2383413248,2776150016,3119679893,701942191,243009,171390,56725504,350982144,Intel(R) Core(TM) i7-10700T CPU @ 2.00GHz
75,-,544290,NFCORE_NANOSEQ:NANOSEQ:BEDTOOLS_UCSC_BIGWIG:BEDTOOLS_GENOMECOV,K562_R3,NFCORE_NANOSEQ:NANOSEQ:BEDTOOLS_UCSC_BIGWIG:BEDTOOLS_GENOMECOV (K562_R3),COMPLETED,0,-,quay.io/biocontainers/bedtools:2.29.2--hc088bd4_0,6,28800000,-,25769803776,1,1725543528585,1764586328682,1764586493289,164704,161000,-,114.9,26.3,8805625856,11573129216,9863155712,12727726080,3292366584,1047315544,285668,22455979,0,523669504,Intel(R) Core(TM) i7-10700T CPU @ 2.00GHz
77,-,547778,NFCORE_NANOSEQ:NANOSEQ:BEDTOOLS_UCSC_BIGBED:UCSC_BED12TOBIGBED,A549_R3,NFCORE_NANOSEQ:NANOSEQ:BEDTOOLS_UCSC_BIGBED:UCSC_BED12TOBIGBED (A549_R3),COMPLETED,0,-,quay.io/biocontainers/ucsc-bedtobigbed:377--h446ed27_1,6,28800000,-,25769803776,1,1725543693293,1764586493389,1764586503641,10348,8000,-,99.4,0.0,14987264,42614784,15056896,42758144,508316837,57245553,7902,6368,149147648,57253888,Intel(R) Core(TM) i7-10700T CPU @ 2.00GHz
78,-,548423,NFCORE_NANOSEQ:NANOSEQ:BEDTOOLS_UCSC_BIGWIG:UCSC_BEDGRAPHTOBIGWIG,A549_R3,NFCORE_NANOSEQ:NANOSEQ:BEDTOOLS_UCSC_BIGWIG:UCSC_BEDGRAPHTOBIGWIG (A549_R3),COMPLETED,0,-,quay.io/biocontainers/ucsc-bedgraphtobigwig:377--h446ed27_1,6,28800000,-,25769803776,1,1725543703648,1764586503741,1764586519637,15989,14000,-,99.8,0.0,8716288,36368384,8785920,36372480,837687319,52620218,12923,11596,222117888,52629504,Intel(R) Core(TM) i7-10700T CPU @ 2.00GHz
79,-,549228,NFCORE_NANOSEQ:NANOSEQ:BEDTOOLS_UCSC_BIGBED:UCSC_BED12TOBIGBED,A549_R1,NFCORE_NANOSEQ:NANOSEQ:BEDTOOLS_UCSC_BIGBED:UCSC_BED12TOBIGBED (A549_R1),COMPLETED,0,-,quay.io/biocontainers/ucsc-bedtobigbed:377--h446ed27_1,6,28800000,-,25769803776,1,1725543719644,1764586519738,1764586539056,19412,17000,-,99.1,0.0,8986624,36904960,9117696,36974592,1293570365,132265855,19893,15476,331792384,132276224,Intel(R) Core(TM) i7-10700T CPU @ 2.00GHz
80,-,550096,NFCORE_NANOSEQ:NANOSEQ:BEDTOOLS_UCSC_BIGWIG:UCSC_BEDGRAPHTOBIGWIG,A549_R1,NFCORE_NANOSEQ:NANOSEQ:BEDTOOLS_UCSC_BIGWIG:UCSC_BEDGRAPHTOBIGWIG (A549_R1),COMPLETED,0,-,quay.io/biocontainers/ucsc-bedgraphtobigwig:377--h446ed27_1,6,28800000,-,25769803776,1,1725543739063,1764586539156,1764586558342,19279,17000,-,100.1,0.1,23064576,50577408,23138304,50720768,1029958287,63869861,15857,14254,234086400,63881216,Intel(R) Core(TM) i7-10700T CPU @ 2.00GHz
81,-,550958,NFCORE_NANOSEQ:NANOSEQ:BEDTOOLS_UCSC_BIGWIG:UCSC_BEDGRAPHTOBIGWIG,A549_R2,NFCORE_NANOSEQ:NANOSEQ:BEDTOOLS_UCSC_BIGWIG:UCSC_BEDGRAPHTOBIGWIG (A549_R2),COMPLETED,0,-,quay.io/biocontainers/ucsc-bedgraphtobigwig:377--h446ed27_1,6,28800000,-,25769803776,1,1725543758345,1764586558442,1764586584236,25891,24000,-,100.1,0.1,24133632,51986432,24207360,51990528,1431430881,85896774,21983,19238,258191360,85905408,Intel(R) Core(TM) i7-10700T CPU @ 2.00GHz
82,-,551929,NFCORE_NANOSEQ:NANOSEQ:BEDTOOLS_UCSC_BIGBED:UCSC_BED12TOBIGBED,A549_R2,NFCORE_NANOSEQ:NANOSEQ:BEDTOOLS_UCSC_BIGBED:UCSC_BED12TOBIGBED (A549_R2),COMPLETED,0,-,quay.io/biocontainers/ucsc-bedtobigbed:377--h446ed27_1,6,28800000,-,25769803776,1,1725543784245,1764586584336,1764586598588,14343,13000,-,99.7,0.0,8773632,36835328,8904704,36904960,830983435,91478611,12831,9656,149458944,91492352,Intel(R) Core(TM) i7-10700T CPU @ 2.00GHz
83,-,552761,NFCORE_NANOSEQ:NANOSEQ:BEDTOOLS_UCSC_BIGBED:UCSC_BED12TOBIGBED,K562_R1,NFCORE_NANOSEQ:NANOSEQ:BEDTOOLS_UCSC_BIGBED:UCSC_BED12TOBIGBED (K562_R1),COMPLETED,0,-,quay.io/biocontainers/ucsc-bedtobigbed:377--h446ed27_1,6,28800000,-,25769803776,1,1725543798596,1764586598688,1764586609843,11247,9000,-,99.7,0.0,15994880,43880448,16064512,44019712,647484917,71235252,10026,7911,117460992,71245824,Intel(R) Core(TM) i7-10700T CPU @ 2.00GHz
76,-,553512,NFCORE_NANOSEQ:NANOSEQ:BAMBU,-,NFCORE_NANOSEQ:NANOSEQ:BAMBU (1),COMPLETED,0,-,quay.io/biocontainers/bioconductor-bambu:3.0.8--r42hc247a5b_0,6,28800000,-,25769803776,1,1725543809850,1764586609943,1764588846616,2236766,2236000,-,109.8,59.0,19753967616,23513722880,21822959616,25631199232,52738516163,412330153,1536646,101044,10676174848,412336128,Intel(R) Core(TM) i7-10700T CPU @ 2.00GHz
84,-,564495,NFCORE_NANOSEQ:NANOSEQ:BEDTOOLS_UCSC_BIGWIG:UCSC_BEDGRAPHTOBIGWIG,K562_R1,NFCORE_NANOSEQ:NANOSEQ:BEDTOOLS_UCSC_BIGWIG:UCSC_BEDGRAPHTOBIGWIG (K562_R1),COMPLETED,0,-,quay.io/biocontainers/ucsc-bedgraphtobigwig:377--h446ed27_1,6,28800000,-,25769803776,1,1725546046639,1764588846716,1764588871729,25090,22000,-,100.1,0.1,35901440,63741952,35971072,63881216,1338060286,82700574,20558,18629,448086016,82714624,Intel(R) Core(TM) i7-10700T CPU @ 2.00GHz
85,-,565499,NFCORE_NANOSEQ:NANOSEQ:BEDTOOLS_UCSC_BIGBED:UCSC_BED12TOBIGBED,K562_R2,NFCORE_NANOSEQ:NANOSEQ:BEDTOOLS_UCSC_BIGBED:UCSC_BED12TOBIGBED (K562_R2),COMPLETED,0,-,quay.io/biocontainers/ucsc-bedtobigbed:377--h446ed27_1,6,28800000,-,25769803776,1,1725546071736,1764588871829,1764588877825,6089,4000,-,99.3,0.0,15478784,43315200,15548416,43454464,266629862,33137015,4209,3880,90517504,33144832,Intel(R) Core(TM) i7-10700T CPU @ 2.00GHz
86,-,565985,NFCORE_NANOSEQ:NANOSEQ:BEDTOOLS_UCSC_BIGWIG:UCSC_BEDGRAPHTOBIGWIG,K562_R2,NFCORE_NANOSEQ:NANOSEQ:BEDTOOLS_UCSC_BIGWIG:UCSC_BEDGRAPHTOBIGWIG (K562_R2),COMPLETED,0,-,quay.io/biocontainers/ucsc-bedgraphtobigwig:377--h446ed27_1,6,28800000,-,25769803776,1,1725546077840,1764588877925,1764588889342,11502,9000,-,100.1,0.1,23207936,50995200,29388800,57262080,572525457,40004751,8876,8671,190832640,40013824,Intel(R) Core(TM) i7-10700T CPU @ 2.00GHz
87,-,566744,NFCORE_NANOSEQ:NANOSEQ:BEDTOOLS_UCSC_BIGBED:UCSC_BED12TOBIGBED,K562_R3,NFCORE_NANOSEQ:NANOSEQ:BEDTOOLS_UCSC_BIGBED:UCSC_BED12TOBIGBED (K562_R3),COMPLETED,0,-,quay.io/biocontainers/ucsc-bedtobigbed:377--h446ed27_1,6,28800000,-,25769803776,1,1725546089348,1764588889442,1764588906362,17014,15000,-,99.4,0.0,8781824,36810752,8916992,36945920,1053021237,116030974,16221,13043,350978048,116039680,Intel(R) Core(TM) i7-10700T CPU @ 2.00GHz
88,-,567552,NFCORE_NANOSEQ:NANOSEQ:BEDTOOLS_UCSC_BIGWIG:UCSC_BEDGRAPHTOBIGWIG,K562_R3,NFCORE_NANOSEQ:NANOSEQ:BEDTOOLS_UCSC_BIGWIG:UCSC_BEDGRAPHTOBIGWIG (K562_R3),COMPLETED,0,-,quay.io/biocontainers/ucsc-bedgraphtobigwig:377--h446ed27_1,6,28800000,-,25769803776,1,1725546106372,1764588906462,1764588934802,28430,27000,-,100.1,0.1,51208192,79101952,51277824,79106048,1571015729,99607782,24113,22275,523665408,99618816,Intel(R) Core(TM) i7-10700T CPU @ 2.00GHz
89,-,568522,NFCORE_NANOSEQ:NANOSEQ:DIFFERENTIAL_DESEQ2_DEXSEQ:DEXSEQ,-,NFCORE_NANOSEQ:NANOSEQ:DIFFERENTIAL_DESEQ2_DEXSEQ:DEXSEQ (1),COMPLETED,0,-,docker.io/yuukiiwa/nanoseq:dexseq,6,28800000,-,25769803776,1,1725546134813,1764588934902,1764588979303,44490,43611,-,174.6,3.2,1087262720,3621523456,1088602112,3623546880,164678319,255953,17012,255,86224896,262144,Intel(R) Core(TM) i7-10700T CPU @ 2.00GHz
90,-,569864,NFCORE_NANOSEQ:NANOSEQ:DIFFERENTIAL_DESEQ2_DEXSEQ:DESEQ2,-,NFCORE_NANOSEQ:NANOSEQ:DIFFERENTIAL_DESEQ2_DEXSEQ:DESEQ2 (1),COMPLETED,0,-,quay.io/biocontainers/mulled-v2-8849acf39a43cdd6c839a369a74c0adc823e2f91:ab110436faf952a33575c64dd74615a84011450b-0,6,28800000,-,25769803776,1,1725546179313,1764588979403,1764589021342,42029,41000,-,160.1,3.4,1154105344,3596947456,1195933696,3638820864,91763840,28652942,10125,7094,67194880,28659712,Intel(R) Core(TM) i7-10700T CPU @ 2.00GHz
91,-,571128,NFCORE_NANOSEQ:NANOSEQ:CUSTOM_DUMPSOFTWAREVERSIONS,-,NFCORE_NANOSEQ:NANOSEQ:CUSTOM_DUMPSOFTWAREVERSIONS (1),COMPLETED,0,-,quay.io/biocontainers/multiqc:1.13--pyhdfd78af_0,1,14400000,-,6442450944,1,1725546221474,1764589021543,1764589022351,877,139,-,78.7,0.0,4993024,12582912,4993024,12582912,862751,4190,266,15,8806400,12288,Intel(R) Core(TM) i7-10700T CPU @ 2.00GHz
92,-,571354,NFCORE_NANOSEQ:NANOSEQ:MULTIQC,-,NFCORE_NANOSEQ:NANOSEQ:MULTIQC (1),COMPLETED,0,-,quay.io/biocontainers/multiqc:1.11--pyhdfd78af_0,6,28800000,-,25769803776,1,1725546222406,1764589022450,1764589036217,13811,13172,-,141.4,0.4,138829824,2530271232,138829824,2530283520,1295233583,3847543,189676,535,83042304,4120576,Intel(R) Core(TM) i7-10700T CPU @ 2.00GHz
